,ephemerality_persistence,context_weights,singular_distributed,passive_agentic,certainty_uncertainty,human_alien
ephemerality_persistence,1.0,0.19361303166556665,0.0033612485373153214,0.26641698009981374,-0.5423640488157829,-0.12360929124954012
context_weights,0.19361303166556665,1.0,0.1953308303018774,0.036492201112204935,-0.046193552299474507,0.18304450726606256
singular_distributed,0.0033612485373153214,0.1953308303018774,1.0,-0.16310363349045695,-0.21764791036193998,0.5507337533556065
passive_agentic,0.26641698009981374,0.036492201112204935,-0.16310363349045695,1.0,-0.17119031805524562,-0.24213011265531142
certainty_uncertainty,-0.5423640488157829,-0.046193552299474507,-0.21764791036193998,-0.17119031805524562,1.0,-0.10109601793553334
human_alien,-0.12360929124954012,0.18304450726606256,0.5507337533556065,-0.24213011265531142,-0.10109601793553334,1.0
